id,name,description,school_level,grade_level,semester,chapter_id,chapter_name,chapter_main,chapter_sub,achievement_id,achievement_name,skill_id,section
1356,유한소수 및 무한소수,소수점 아래에 0이 아닌 숫자가 무한히 많은 소수 ex) 0.55$\cdotp\cdotp\cdotp$,중등,중2,1학기,478,순환소수,유리수와 소수,유리수와 소수,37,"순환소수의 뜻을 알고, 유리수와 순환소수의 관계를 이해한다.",143,['수와 연산']
1397,순환소수의 표현,순환마디의 양 끝의 숫자 위에 점을 찍어 나타낸다.,중등,중2,1학기,478,순환소수,유리수와 소수,유리수와 소수,37,"순환소수의 뜻을 알고,유리수와 순환소수의 관계를 이해한다.",145,['수와 연산']
4604,유리수,"a, b 가 정수이고 $be0$ 일때, 분수 $\frac{a}{b}$ 의 꼴로 나타낼 수 있는 수",중등,중2,1학기,478,순환소수,유리수와 소수,유리수와 소수,37,"순환소수의 뜻을 알고, 유리수와 순환소수의 관계를 이해한다.",140,['수와 연산']
1395,순환소수,무한소수 중에서 소수점 아래의 어떤 자리에서부터 일정한 숫자의 배열이 한없이 되풀이되는 소수,중등,중2,1학기,478,순환소수,유리수와 소수,유리수와 소수,37,"순환소수의 뜻을 알고,유리수와 순환소수의 관계를 이해한다.",139,['수와 연산']
4605,유리수의 분류,"유리수는 정수와 정수가 아닌 유리수, 정수는 양의정수,0, 음의정수 로 나뉜다.",중등,중2,1학기,478,순환소수,유리수와 소수,유리수와 소수,37,"순환소수의 뜻을 알고, 유리수와 순환소수의 관계를 이해한다.",142,['수와 연산']
1394,유한소수와 무한소수의 판별,1. 주어진 분수를 기약분수로 고친다.\n2.분모를 소인수분해한다. \n이때 1) 분모의 소인수가 2 또는 5뿐이면 유한소수이다. \n2) 분모의 소인수 중에 2 또는 5이외의 소인수가 있으면 무한소수이다.,중등,중2,1학기,478,순환소수,유리수와 소수,유리수와 소수,37,"순환소수의 뜻을 알고,유리수와 순환소수의 관계를 이해한다.",147,['수와 연산']
4655,유리수와 소수의 관계,1) 정수가 아닌 모든 유리수는 유한소수 또는 순환소수로 나타낼 수 있다.\n2) 유한소수와 순환소수는 분수로 나타낼 수 있으므로 모두 유리수이다.,중등,중2,1학기,480,순환소수의 분수 표현,유리수와 소수,유리수와 소수,37,"순환소수의 뜻을 알고, 유리수와 순환소수의 관계를 이해한다.",146,['수와 연산']
4657,순환소수를 분수로 나타내는 방법,"1) 순환소수를 x로 놓는다.\n2) 양변에 10의 거듭제곱을 곱하여 소수 부분이 같은 두 식을 만든다.\n -(1) 소수점이 첫 순환마디 뒤에 오도록 양변에 10, 100, 1000$\cdotp\cdotp\cdotp$을 곱한다.\n -(2) 소수점이 첫 순환마디 앞에 오도록 양변에 10, 100, 1000, $\cdotp\cdotp\cdotp$을 곱한다. \n3)  2)의 두식을 변끼리 뺀다. (이때 소수 부분이 없어진다.)\n4) 3)에서 x의 값을 구한다.",중등,중2,1학기,480,순환소수의 분수 표현,유리수와 소수,유리수와 소수,37,"순환소수의 뜻을 알고, 유리수와 순환소수의 관계를 이해한다.",144,['수와 연산']
1442,거듭제곱,같은 수나 문자를 거듭하여 곱한 것을 간단히 나타낸 것,중등,중2,1학기,481,지수법칙,식의 계산,단항식의 계산,88,지수법칙을 이해한다.,408,['문자와 식']
4658,지수법칙 (1) - 지수의 합,"m,n이 자연수일 때\n$a^m\times a^n=a^{m+n}$",중등,중2,1학기,481,지수법칙,식의 계산,단항식의 계산,88,지수법칙을 이해한다.,411,['문자와 식']
4659,지수법칙 (2) - 지수의 곱,"m,n이 자연수일 때\n$(a^m)^n=a^{mn}$",중등,중2,1학기,481,지수법칙,식의 계산,단항식의 계산,88,지수법칙을 이해한다.,412,['문자와 식']
4660,지수법칙 (3) - 지수의 차,"$a\ne0$이고 m, n이 자연수일 때\n$a^m\div a^n=\begin{cases}{m>n이면a^{m-n}} \\ {m=m이면1} \\ {m<n이면\frac{1}{a^{n-m}}}\end{cases}$",중등,중2,1학기,481,지수법칙,식의 계산,단항식의 계산,88,지수법칙을 이해한다.,413,['문자와 식']
4661,지수법칙 (4) - 지수의 분배,"n이 자연수일 때\n1) $(ab)^n=a^nb^n$\n2) $(\frac{a}{b})^n=\frac{a^n}{b^n}^{}$ (단, $be0$)",중등,중2,1학기,481,지수법칙,식의 계산,단항식의 계산,88,지수법칙을 이해한다.,414,['문자와 식']
1444,지수,거듭제곱에서 수 또는 문자가 곱해진 횟수,중등,중2,1학기,481,지수법칙,식의 계산,단항식의 계산,88,지수법칙을 이해한다.,410,['문자와 식']
1443,밑,거듭제곱에서 거듭하여 곱한 수 또는 문자,중등,중2,1학기,481,지수법칙,식의 계산,단항식의 계산,88,지수법칙을 이해한다.,409,['문자와 식']
4664,단항식의 곱셈과 나눗셈의 혼합계산,"1) 괄호가 있는 거듭제곱은 지수법칙을 이용하여 괄호를 먼저 푼다.\n2) 나눗셈은 분수 꼴 또는 역수의 곱셈으로 바꾼다.\n3) 부호를 결정한 후 계수는 계수끼리, 문자는 문자끼리 계산한다.",중등,중2,1학기,482,단항식의 곱셈과 나눗셈,식의 계산,단항식의 계산,88,지수법칙을 이해한다.,417,['문자와 식']
4662,단항식의 곱셈,"$(단항식)\times(단항식)$은 다음과 같이 계산한다.\n(1) 계수는 계수끼리, 문자는 문자끼리 계산한다.\n(2) 같은 문자끼리의 곱은 지수법칙을 이용하여 간단히 한다.",중등,중2,1학기,482,단항식의 곱셈과 나눗셈,식의 계산,단항식의 계산,88,지수법칙을 이해한다.,415,['문자와 식']
4663,단항식의 나눗셈,방법 1) 분수 꼴로 바꾸어 계산한다.\n=>  $A\div B=\frac{A}{B}$\n방법 2) 나눗셈을 역수의 곱셈으로 바꾸어 계산한다.  (나누는 식의 역수를 곱한다.)\n=>  $A\div B=A\times\frac{1}{B}=\frac{A}{B}$,중등,중2,1학기,482,단항식의 곱셈과 나눗셈,식의 계산,단항식의 계산,88,지수법칙을 이해한다.,416,['문자와 식']
4665,다항식의 덧셈과 뺄셈,(1) 다항식의 덧셈과 뺄셈은 괄호를 풀고 동류항끼리 모아서 계산한다.\n(2) 여러 가지 괄호가 있는 식은 안쪽의 괄호부터 $(소괄호)\rightarrow\lbrace중괄호\rbrace\rightarrow\lbrack대괄호\rbrack$,중등,중2,1학기,483,다항식의 덧셈과 뺄셈,식의 계산,다항식의 계산,392,"다항식의 덧셈과 뺄셈의 원리를 이해하고, 그 계산을 할 수 있다.",1851,['문자와 식']
4666,이차식,한 문자에 대한 차수가 2인 다항식을 그 문자에 대한 이차식이라 한다.,중등,중2,1학기,483,다항식의 덧셈과 뺄셈,식의 계산,다항식의 계산,392,"다항식의 덧셈과 뺄셈의 원리를 이해하고, 그 계산을 할 수 있다.",1852,['문자와 식']
4667,이차식의 덧셈과 뺄셈,(1) 괄호를 풀고 동류항끼리 모아서 간단히 한다.\n(2) 차수가 높은 항부터 낮은 항의 순서로 정리한다.,중등,중2,1학기,483,다항식의 덧셈과 뺄셈,식의 계산,다항식의 계산,392,"다항식의 덧셈과 뺄셈의 원리를 이해하고, 그 계산을 할 수 있다.",1853,['문자와 식']
4669,전개,"단항식과 다항식의 곱셈에서 괄호를 풀어 하나의 다항식으로 나타내는 것을 전개한다고 하며, 전개하여 얻은 다항식을 전개식이라 한다.",중등,중2,1학기,484,다항식의 곱셈과 나눗셈,식의 계산,다항식의 계산,393,"‘(단항식)×(다항식)’, ‘(다항식)÷(단항식)’과 같은 곱셈과 나눗셈의 원리를 이해하고, 그 계산을 할 수 있다.",1858,['문자와 식']
4668,(단항식)$\times$(다항식)의 계산,분배법칙을 이용하여 단항식을 다항식의 각 항에 곱한다.,중등,중2,1학기,484,다항식의 곱셈과 나눗셈,식의 계산,다항식의 계산,393,"‘(단항식)×(다항식)’, ‘(다항식)÷(단항식)’과 같은 곱셈과 나눗셈의 원리를 이해하고, 그 계산을 할 수 있다.",1854,['문자와 식']
4672,다항식의 혼합 계산,"(1) 지수법칙을 이용하여 거듭제곱을 먼저 정리한다.\n(2) 괄호를 (소괄호) => {중괄호} => [대괄호] 의 순서로 푼다.\n(3) 분배법칙을 이용하여 곱셈, 나눗셈을 한다.\n(4) 동류항끼리 덧셈, 뺄셈을 한다.",중등,중2,1학기,484,다항식의 곱셈과 나눗셈,식의 계산,다항식의 계산,393,"‘(단항식)×(다항식)’, ‘(다항식)÷(단항식)’과 같은 곱셈과 나눗셈의 원리를 이해하고, 그 계산을 할 수 있다.",1856,['문자와 식']
4671,$(다항식)\div(단항식)$의 계산,$(다항식)\div(단항식)$은 다음과 같은 방법으로 계산한다.\n(1) 나눗셈을 곱셈으로 바꾼 후 전개한다.\n$(A+B)\div C=(A+B)\times\frac{1}{C}=A\times\frac{1}{C}+B\times\frac{1}{C}=\frac{A}{C}+\frac{B}{C}$\n(2) 분수의 꼴로 바꾼 후 분자의 각 항을 분모로 나눈다.\n$(A+B)\div C=\frac{A+B}{C}=\frac{A}{C}+\frac{B}{C}$,중등,중2,1학기,484,다항식의 곱셈과 나눗셈,식의 계산,다항식의 계산,393,"‘(단항식)×(다항식)’, ‘(다항식)÷(단항식)’과 같은 곱셈과 나눗셈의 원리를 이해하고, 그 계산을 할 수 있다.",1855,['문자와 식']
4679,부등식의 표현,(1) a>b (또는 b<a) \na는 b보다 크다.\na는 b 초과이다.\n(2) a<b (또는 b>a)\na는 b보다 작다.\na는 b 미만이다.\n(3) a$\geq$b (또는 b$\leq$a)\na는 b보다 크거나 같다. a는 b 이상이다.\na는 b보다 작지 않다.\n(4) a$\leq$b (또는 b$\geq$a)\na는 b보다 작거나 같다. a는 b이하이다.\na는 b보다 크지 않다.,중등,중2,1학기,485,부등식의 해,일차방부등식과 연립일차방정식,일차부등식,98,"부등식과 그 해의 의미를 알고, 부등식의 성질을 이해한다.",507,['문자와 식']
4680,부등식의 해,부등식이 참이 되게 하는 미지수의 값,중등,중2,1학기,485,부등식의 해,일차방부등식과 연립일차방정식,일차부등식,98,"부등식과 그 해의 의미를 알고, 부등식의 성질을 이해한다.",504,['문자와 식']
4681,부등식을 푼다,부등식의 해를 모두 구하는 것,중등,중2,1학기,485,부등식의 해,일차방부등식과 연립일차방정식,일차부등식,98,"부등식과 그 해의 의미를 알고, 부등식의 성질을 이해한다.",505,['문자와 식']
4678,부등식,"$>,<,\geq,\leq$를 사용하여 수 또는 식의 대소 관계를 나타낸 식\n(1) 좌변$\colon$ 부등호의 왼쪽 부분\n(2) 우변:부등호의 오른쪽 부분\n(3) 양변: 부등식의 좌변과 우변",중등,중2,1학기,486,부등식의 성질,일차방부등식과 연립일차방정식,일차부등식,98,"부등식과 그 해의 의미를 알고, 부등식의 성질을 이해한다.",506,['문자와 식']
4682,부등식의 성질,"(1) 부등식의 양변에 같은 수를 더하거나 양변에서 같은 수를 빼어도 부등호의 방향은 바뀌지 않는다.\n=> a<b이면 a+c<b+c , a-c<b-c\n(2) 부등식의 양변에 같은 양수를 곱하거나 양변을 같은 양수로 나누어도 부등호의 방향은 바뀌지 않는다. \n=> a<b, c>0이면 ac<bc, $\frac{a}{c}<\frac{b}{c}$ (부등호의 방향 그대로)\n(3) 부등식의 양변에 같은 음수를 곱하거나 양변을 같은 음수로 나누면 부등호의 방향이 바뀐다.\n=> a<b, c<0이면 ac>bc, $\frac{a}{c}>\frac{b}{c}$ (부등호의 방향 반대로)",중등,중2,1학기,486,부등식의 성질,일차방부등식과 연립일차방정식,일차부등식,98,"부등식과 그 해의 의미를 알고, 부등식의 성질을 이해한다.",508,['문자와 식']
4683,일차부등식,"부등식의 우변에 있는 모든 항을 좌변으로 이항하여 정리한 식이\n$(일차식)>0, (일차식)<0, (일차식)\geq0,(일차식)\leq0$\n중 어느 하나의 꼴로 나타나는 부등식",중등,중2,1학기,487,일차부등식의 풀이,일차방부등식과 연립일차방정식,일차부등식,99,일차부등식을 풀 수 있다.,512,['문자와 식']
4684,일차부등식의 풀이,"일차부등식은 다음과 같은 순서로 푼다,\n(1) 미지수 $x$를 포함하는 항은 좌변으로, 상수항은 우변으로 이항한다.\n(2) 양변을 정리하여 $ax>b,ax<b,ax\geq b,ax\leq b(a\ne0)$ 꼴로 나타낸다.\n(3) 양변을 x의 계수 a로 나누어 $x>(수),x<(수),x\geq(수),x\leq(수)$ 중 어느 하나의 꼴로 나타낸다. 이때 a가 음수이면 부등호의 방향이 바뀐다.",중등,중2,1학기,487,일차부등식의 풀이,일차방부등식과 연립일차방정식,일차부등식,99,일차부등식을 풀 수 있다.,513,['문자와 식']
4685,복잡한 일차부등식의 풀이방법,"(1) 괄호가 있는 일차부등식 : 분배법칙을 이용하여 괄호를 풀고, 동류항끼리 정리하여 푼다.
(2) 계수가 분수인 일차부등식 : 양변에 분모의 최소공배수를 곱하여 계수를 정수로 고쳐서 푼다.
(3) 계수가 소수인 일차부등식 : 양변에 10의 거듭제곱을 곱하여 계수를 정수로 고쳐서 푼다.",중등,중2,1학기,487,일차부등식의 풀이,일차방부등식과 연립일차방정식,일차부등식,99,일차부등식을 풀 수 있다.,514,['문자와 식']
4686,일차부등식의 활용 문제의 풀이,(1) 문제의 뜻을 파악하고 구하려는 값을 미지수 x로 놓는다.\n(2) 문제의 뜻에 따라 부등식을 세운다.\n(3) 부등식을 풀어 해를 구한다.\n(4) 구한 해가 문제의 뜻에 맞는지 확인한다.,중등,중2,1학기,487,일차부등식의 풀이,일차방부등식과 연립일차방정식,일차부등식,100,일차부등식을 활용하여 문제를 해결할 수 있다.,518,['문자와 식']
4687,"일차부등식의 활용-거리, 속력, 시간에 대한 문제",(1) (거리) = $(속력)$\times$(시간)$\n(2) (속력)=$\frac{(거리)}{(시간)}$\n(3) (시간)=$\frac{(거리)}{(속력)}$,중등,중2,1학기,487,일차부등식의 풀이,일차방부등식과 연립일차방정식,일차부등식,100,일차부등식을 활용하여 문제를 해결할 수 있다.,519,['문자와 식']
4688,일차부등식의 활용-소금물의 농도에 대한 문제,소금물 농도에 대한 문제는 다음 관계를 이용하여 부등식을 세운다.\n(1)$(소금물의농도)=\frac{(소금의 양)}{(소금물의 양)}\times100(%)$\n(2)$(소금의 양)=\frac{(소금물의 농도)}{100}\times(소금물의 양)$,중등,중2,1학기,487,일차부등식의 풀이,일차방부등식과 연립일차방정식,일차부등식,100,일차부등식을 활용하여 문제를 해결할 수 있다.,520,['문자와 식']
2652,부등식의 해를 구하는법,"(1) 부등식의 성질을 이용하여 주어진 부등식을 x>(수), x<(수), x$\geq$(수), x$\leq$(수) 중 어느 하나의 꼴로 고쳐서 해를 구한다.\n(2) 부등식의 해를 수직선 위에 나타낸다.",중등,중2,1학기,487,일차부등식의 풀이,일차방부등식과 연립일차방정식,일차부등식,99,일차부등식을 풀 수 있다.,515,['문자와 식']
4780,미지수가 2개인 일차방정식,"미지수가 2개이고, 그 차수가 모두 1인 방정식",중등,중2,1학기,488,미지수가 2개인 일차방정식,일차방부등식과 연립일차방정식,연립일차방정식,101,미지수가 2개인 연립일차방정식을 풀 수 있다.,521,['문자와 식']
4781,미지수가 2개인 일차방정식의 해,"미지수가 2개인 일차방정식이 참이 되게 하는 $x, y$의 값 또는 그 순서쌍 $(x,y)$",중등,중2,1학기,488,미지수가 2개인 일차방정식,일차방부등식과 연립일차방정식,연립일차방정식,101,미지수가 2개인 연립일차방정식을 풀 수 있다.,522,['문자와 식']
2666,일차방정식을 푼다,"일차방정식의 해를 모두 구하는 것\n=> 미지수가 x, y의 2개인 일차방정식의 해는 x=a, y=b와 같이 나타내거나 (a , b)와 같이 순서쌍으로 나타낸다.",중등,중2,1학기,488,미지수가 2개인 일차방정식,일차방부등식과 연립일차방정식,연립일차방정식,101,미지수가 2개인 연립일차방정식을 풀 수 있다.,538,['문자와 식']
4782,방정식을 푼다,방정식의 해를 모두 구하는 것,중등,중2,1학기,488,미지수가 2개인 일차방정식,일차방부등식과 연립일차방정식,연립일차방정식,101,미지수가 2개인 연립일차방정식을 풀 수 있다.,537,['문자와 식']
4785,미지수가 2개인 연립일차방정식의 해,"미지수가 x,  y의 2개인 두 일차방정식을 동시에 만족하는 x  ,y의 값 또는 그 순서쌍 (x , y)",중등,중2,1학기,489,미지수가 2개인 연립일차방정식,일차방부등식과 연립일차방정식,연립일차방정식,101,미지수가 2개인 연립일차방정식을 풀 수 있다.,536,['문자와 식']
4786,연립방정식을 푼다,연립방정식의 해를 구하는 것,중등,중2,1학기,489,미지수가 2개인 연립일차방정식,일차방부등식과 연립일차방정식,연립일차방정식,101,미지수가 2개인 연립일차방정식을 풀 수 있다.,525,['문자와 식']
4795,대입법,한 방정식을 다른 방정식에 대입하여 연립방정식의 해를 구하는 방법,중등,중2,1학기,489,미지수가 2개인 연립일차방정식,일차방부등식과 연립일차방정식,연립일차방정식,101,미지수가 2개인 연립일차방정식을 풀 수 있다.,528,['문자와 식']
4796,대입법을 이용한 연립방정식의 풀이,(1) 두 방정식 중에서 x=(y에 대한 식) 또는 y=(x에 대한 식)의 꼴인 한 방정식을 다른 방정식에 대입하여 한 미지수를 없앤 다음 방정식을 푼다.\n(2) (1)에서 구한 해를 x=(y에 대한 식) 또는 y=(x에 대한 식)의 꼴인 방정식에 대입하여 다른 미지수의 값을 구한다.,중등,중2,1학기,489,미지수가 2개인 연립일차방정식,일차방부등식과 연립일차방정식,연립일차방정식,101,미지수가 2개인 연립일차방정식을 풀 수 있다.,529,['문자와 식']
4793,가감법,두 방정식을 변끼리 더하거나 빼어서 연립방정식의 해를 구하는 방법,중등,중2,1학기,489,미지수가 2개인 연립일차방정식,일차방부등식과 연립일차방정식,연립일차방정식,101,미지수가 2개인 연립일차방정식을 풀 수 있다.,526,['문자와 식']
4794,가감법을 이용한 연립방정식의 풀이,"(1) 두 미지수 중 어느 것을 없앨 것인지 정한다.\n(2) 없애려는 미지수의 계수의 절댓값이 같아지도록 각 방정식의 양변에 적당한 수를 곱한다.\n(3) 없애려는 미지수의 계수의 부호가 같으면 변끼리 빼고, 계수의 부호가 다르면 변끼리 더하여 한 미지수를 없앤 다음 방정식을 푼다.\n(4) (3)에서 구한 해를 두 방정식 중 간단한 식에 대입하여 다른 미지수의 값을 구한다.",중등,중2,1학기,489,미지수가 2개인 연립일차방정식,일차방부등식과 연립일차방정식,연립일차방정식,101,미지수가 2개인 연립일차방정식을 풀 수 있다.,527,['문자와 식']
4797,괄호가 있는 연립방정식의 풀이,분배법칙을 이용하여 괄호를 풀고 동류항끼리 정리한 후 푼다.,중등,중2,1학기,489,미지수가 2개인 연립일차방정식,일차방부등식과 연립일차방정식,연립일차방정식,101,미지수가 2개인 연립일차방정식을 풀 수 있다.,530,['문자와 식']
4799,계수가 분수인 연립방정식의 풀이,양변에 분모의 최소공배수를 곱하여 계수를 정수로 고친 후 푼다,중등,중2,1학기,489,미지수가 2개인 연립일차방정식,일차방부등식과 연립일차방정식,연립일차방정식,101,미지수가 2개인 연립일차방정식을 풀 수 있다.,532,['문자와 식']
4798,계수가 소수인 연립방정식의 풀이,양변에 10의 거듭제곱을 곱하여 계수를 정수로 고친 후 푼다.,중등,중2,1학기,489,미지수가 2개인 연립일차방정식,일차방부등식과 연립일차방정식,연립일차방정식,101,미지수가 2개인 연립일차방정식을 풀 수 있다.,531,['문자와 식']
4800,A=B=C 꼴의 방정식의 풀이,"A=B=C 꼴의 방정식은 다음 세 연립방정식 중 하나로 고쳐서 푼다. 이때 다음 세 연립방정식은 해가 모두 같으므로 세 가지 중 가장 간단한 것을 선택하여 푼다.\n$\begin{cases}{A=B} \\ A=C{}\end{cases}$, $\begin{cases}{A=B} \\ B=C{}\end{cases}$, $\begin{cases}{A=C} \\ B=C{}\end{cases}$",중등,중2,1학기,489,미지수가 2개인 연립일차방정식,일차방부등식과 연립일차방정식,연립일차방정식,101,미지수가 2개인 연립일차방정식을 풀 수 있다.,533,['문자와 식']
4783,연립방정식,두 개 이상의 방정식을 한 쌍으로 묶어서 나타낸 것,중등,중2,1학기,489,미지수가 2개인 연립일차방정식,일차방부등식과 연립일차방정식,연립일차방정식,101,미지수가 2개인 연립일차방정식을 풀 수 있다.,524,['문자와 식']
4784,미지수가 2개인 연립일차방정식,미지수가 2개인 두 일차방정식을 한 쌍으로 묶어 놓은 것,중등,중2,1학기,489,미지수가 2개인 연립일차방정식,일차방부등식과 연립일차방정식,연립일차방정식,101,미지수가 2개인 연립일차방정식을 풀 수 있다.,523,['문자와 식']
4802,연립방정식의 해가 없는 경우,"두 방정식에서 x의 계수, y의 계수 중 어느 하나가 같아지도록 변형하였을 때, 나머지 미지수의 계수는 같은데 상수항이 같지 않으면 이 연립방정식의 해가 없다.",중등,중2,1학기,489,미지수가 2개인 연립일차방정식,일차방부등식과 연립일차방정식,연립일차방정식,101,미지수가 2개인 연립일차방정식을 풀 수 있다.,535,['문자와 식']
4803,연립방정식의 활용 문제의 풀이방법,"(1) 문제의 뜻을 파악하고 구하려는 값을 미지수 x, y로 놓는다.\n(2) 문제의 뜻에 따라 x, y에 대한 연립방정식을 세운다.\n(3) 연립방정식을 풀어 x, y의 값을 구한다.\n(4) 구한 x, y의 값이 문제의 뜻에 맞는지 확인한다.",중등,중2,1학기,490,연립일차방정식의 풀이,일차방부등식과 연립일차방정식,연립일차방정식,102,미지수가 2개인 연립일차방정식을 활용하여 문제를 해결할 수 있다.,541,['문자와 식']
2848,연립일차방정식의 활용-자연수에 대한 문제,"처음 수의 십의 자리의 숫자를 $x$, 일의 자리의 숫자를 $y$라 하면\n1) 처음수 => $10x+y$\n2) 십의 자리의 숫자와 일의 자리의 숫자를 바꾼수 => $10y+x$",중등,중2,1학기,490,연립일차방정식의 풀이,일차방부등식과 연립일차방정식,연립일차방정식,102,미지수가 2개인 연립일차방정식을 활용하여 문제를 해결할 수 있다.,547,['문자와 식']
2849,연립일차방정식의 활용-나이에 대한 문제,현재 x세인 사람의 $\begin{cases}{a년전의나이=>(x-a)세} \\ b년후의나이=>(x+b)세\end{cases}$,중등,중2,1학기,490,연립일차방정식의 풀이,일차방부등식과 연립일차방정식,연립일차방정식,102,미지수가 2개인 연립일차방정식을 활용하여 문제를 해결할 수 있다.,545,['문자와 식']
4804,"연립일차방정식의 활용-거리, 속력, 시간에 대한 문제","거리, 속력, 시간에 대한 문제는 다음 관계를 이용하여 방정식을 세운다.\n(1)$(거리)=(속력)\times(시간)$\n(2)$(속력)=\frac{(거리)}{(시간)}$\n(3)$(시간)=\frac{(거리)}{(속력)}$",중등,중2,1학기,490,연립일차방정식의 풀이,일차방부등식과 연립일차방정식,연립일차방정식,102,미지수가 2개인 연립일차방정식을 활용하여 문제를 해결할 수 있다.,542,['문자와 식']
4805,연립일차방정식의 활용-농도에 대한 문제,소금물의 농도에 대한 문제는 다음 관계를 이용하여 방정식을 세운다.\n(1)$(소금물의농도)=\frac{(소금의 양)}{(소금물의 양)}\times100(%)$\n(2)$(소금의 양)=\frac{(소금물의 농도)}{100}\times(소금물의 양)$,중등,중2,1학기,490,연립일차방정식의 풀이,일차방부등식과 연립일차방정식,연립일차방정식,102,미지수가 2개인 연립일차방정식을 활용하여 문제를 해결할 수 있다.,543,['문자와 식']
2852,"연립일차방정식의 활용-증가, 감소에 대한 문제","1) x가 a% 증가하면 => 증가량: $\frac{a}{100}x$, 증가한 후의 양 : $(1+\frac{a}{100})x$\n2) y가 b% 감소하면 => 감소량 : $\frac{b}{100}y$, 감소한 후의 양 : $(1-$\frac{b}{100}$)y$",중등,중2,1학기,490,연립일차방정식의 풀이,일차방부등식과 연립일차방정식,연립일차방정식,102,미지수가 2개인 연립일차방정식을 활용하여 문제를 해결할 수 있다.,544,['문자와 식']
2853,연립일차방정식의 활용-일에 대한 문제,"1) 전체 일의 양을 1로 놓는다.\n2) 한 사람이 단위 시간(1일, 1시간 등)에 할 수 있는 일의 양을 각각 미지수로 놓는다.",중등,중2,1학기,490,연립일차방정식의 풀이,일차방부등식과 연립일차방정식,연립일차방정식,102,미지수가 2개인 연립일차방정식을 활용하여 문제를 해결할 수 있다.,546,['문자와 식']
4957,함수,"두 변수 $x, y$에 대하여 $x$의 값이 변함에 따라 $y$의 값이 하나씩 정해지는 두 양 사이에 대응 관계가 있을 때, $y$를 $x$에 대한 함수라 한다.",중등,중2,1학기,491,함수의 뜻,함수,일차함수와 그래프,130,함수의 개념을 이해한다,706,"['규칙성, 함수']"
4959,함숫값,함수 y=f(x)에서 x의 값에 따라 하나씩 정해지는 y의 값 f(x)를 x에 대한 함숫값이라 한다.,중등,중2,1학기,491,함수의 뜻,함수,일차함수와 그래프,130,함수의 개념을 이해한다,707,"['규칙성, 함수']"
4963,일차함수의 그래프의 절편,(1)그래프의 절편\na. x절편: 함수의 그래프가 x축과 만나는 점의 x좌표\nb. y절편: 함수의 그래프가 y축과 만나는 점의 y좌표\n(2)일차함수 $y=ax+b$의 그래프의 절편\na. x절편:$y=0$일 때 x의 값$\colon$ $-\frac{b}{a}$\nb. y절편:$x=0$일 때 y의 값$\colon b$,중등,중2,1학기,492,일차함수의 뜻과 그래프,함수,일차함수와 그래프,131,"일차함수의 의미를 이해하고, 그 그래프를 그릴 수 있다.",711,"['규칙성, 함수']"
4964,"x절편, y절편을 이용하여 일차함수의 그래프 그리는 방법","1) x절편, y절편을 각각 구한다.\n2) x축, y축과 만나는 두 점을 좌표평면 위에 나타낸 후 직선으로 연결한다. =>(x절편,0), (0,y절편)",중등,중2,1학기,492,일차함수의 뜻과 그래프,함수,일차함수와 그래프,131,"일차함수의 의미를 이해하고, 그 그래프를 그릴 수 있다.",712,"['규칙성, 함수']"
4965,일차함수의 그래프의 기울기,"일차함수 y=ax+b에서 x의 값의 증가량에 대한 y의 값의 증가량의 비율은 항상 일정하고, 그 비율은 x의 계수 a와 같다. 이때 이 증가량의 비율 a를 일차함수 y=ax+b의 그래프의 기울기라 한다.\n일차함수 y=ax+b의 그래프에서 (기울기)=$\frac{(y의값의증가량)}{(x의값의증가량)}$=a",중등,중2,1학기,492,일차함수의 뜻과 그래프,함수,일차함수와 그래프,131,"일차함수의 의미를 이해하고, 그 그래프를 그릴 수 있다.",713,"['규칙성, 함수']"
4966,기울기와 y절편을 이용하여 일차함수의 그래프 그리는 방법,"1) y절편을 구하여 y축과 만나는 점, 즉 (0, y절편)을 좌표평면 위에 나타낸다.\n2) 기울기를 이용하여 그래프가 지나는 다른 한 점을 찾아 두 점을 직선으로 연결한다.",중등,중2,1학기,492,일차함수의 뜻과 그래프,함수,일차함수와 그래프,131,"일차함수의 의미를 이해하고, 그 그래프를 그릴 수 있다.",714,"['규칙성, 함수']"
4961,일차함수 y=ax+b ($a\ne0$)의 그래프,일차함수 y=ax+b의 그래프는 일차함수 y=ax의 그래프를 y축의 방향으로 b만큼 평행이동한 직선이다.\n1) b>0이면 y축의 양의 방향으로 b만큼 평행이동한 것이다.\n2) b<0이면 y축의 음의 방향으로 $\vert b\vert$ 만큼 평행이동한 것이다.,중등,중2,1학기,492,일차함수의 뜻과 그래프,함수,일차함수와 그래프,131,"일차함수의 의미를 이해하고, 그 그래프를 그릴 수 있다.",709,"['규칙성, 함수']"
4967,일차함수 y=ax+b($a\ne0$)의 그래프의 성질,일차함수 y=ax+b의 그래프는 기울기가 a이고 y절편이 b인 직선이다.\n1) a의 부호 : 그래프의 모양 결정\n-(1) a>0이면 x의 값이 증가할 때 y의 값도 증가한다. => 그래프는 오른쪽 위로 향하는 직선\n-(2) a<0이면 x의 값이 증가할 때 y의 값은 감소한다. => 그래프는 오른쪽 아래로 향하는 직선\n2) b의 부호 : 그래프가 y축과 만나는 부분 결정\n-(1) b>0이면 y축과 양의 부분에서 만난다.\n-(2) b<0이면 y축과 음의 부분에서 만난다.,중등,중2,1학기,492,일차함수의 뜻과 그래프,함수,일차함수와 그래프,131,"일차함수의 의미를 이해하고, 그 그래프를 그릴 수 있다.",715,"['규칙성, 함수']"
4962,일차함수,"함수 y=f(x)에서 y=ax+b (a, b는 상수$a\ne0$)와 같이 y가 x에 대한 일차식으로 나타내어질 때, 이 함수를 x에 대한 일차함수라 한다.",중등,중2,1학기,492,일차함수의 뜻과 그래프,함수,일차함수와 그래프,131,"일차함수의 의미를 이해하고, 그 그래프를 그릴 수 있다.",710,"['규칙성, 함수']"
4969,두 일차함수 그래프의 평행과 일치,"1) 기울기가 같은 두 일차함수의 그래프는 서로 평행하거나 일치한다. \n두 일차함수 y=ax+b, y=mx+n에서\n-(1) 기울기가 같고 y절편이 다르면 두 일차함수의 그래프는 서로 평행하다. 즉 a=m, $be n$이면 => 평행\n-(2) 기울기가 같고 y절편도 같으면 두 일차함수의 그래프는 일치한다. 즉, a=m, b=n이면 => 일치\n2) 서로 평행한 두 일차함수의 그래프의 기울기는 같다.",중등,중2,1학기,492,일차함수의 뜻과 그래프,함수,일차함수와 그래프,131,"일차함수의 의미를 이해하고, 그 그래프를 그릴 수 있다.",716,"['규칙성, 함수']"
2868,일차함수의 활용-온도에 대한 문제,"처음 온도가 a℃이고 1분마다 온도가 b℃씩 올라갈 때, x 분 후의 온도를 y℃라 하면 => $y=a+bx$",중등,중2,1학기,493,일차함수의 그래프의 성질,함수,일차함수와 그래프,132,"일차함수의 그래프의 성질을 이해하고, 이를 활용하여 문제를 해결할 수 있다.",718,"['규칙성, 함수']"
2869,일차함수의 활용-길이에 대한 문제,"처음 길이가 a cm이고 1분마다 길이가 b cm씩 짧아질 때, x 분 후의 길이를 y cm라 하면 => y=a-bx",중등,중2,1학기,493,일차함수의 그래프의 성질,함수,일차함수와 그래프,132,"일차함수의 그래프의 성질을 이해하고, 이를 활용하여 문제를 해결할 수 있다.",719,"['규칙성, 함수']"
2870,일차함수의 활용-물의 양에 대한 문제,"처음 물의 양이 a L이고 1분마다 물을 b L씩 빼낼 때, x 분 후에 남아 있는 물의 양을 y L라 하면 => $y=a-bx$",중등,중2,1학기,493,일차함수의 그래프의 성질,함수,일차함수와 그래프,132,"일차함수의 그래프의 성질을 이해하고, 이를 활용하여 문제를 해결할 수 있다.",720,"['규칙성, 함수']"
2871,"일차함수의 활용-거리, 속력, 시간에 대한 문제",1) $(거리)=(속력)\times(시간)$\n2) $(속력)=\frac{(거리)}{(시간)}$\n3) $(시간)=\frac{(거리)}{(속력)}$,중등,중2,1학기,493,일차함수의 그래프의 성질,함수,일차함수와 그래프,132,"일차함수의 그래프의 성질을 이해하고, 이를 활용하여 문제를 해결할 수 있다.",721,"['규칙성, 함수']"
4971,두 점의 좌표를 이용하여 일차함수의 식 구하기,"서로 다른 두 점 $(x_{1}, y_1)$, $(x_2, y_2)$를 지나는 직선을 그래프로 하는 일차함수의 식은 다음과 같은 순서로 구한다.\n(1)기울기 a를 구한다. $\rightarrow a=\frac{y_2-y_1}{x_2-x_1}=\frac{y_1-y_2}{x_1-x_2}(단, x_1e x_2)$\n(2)구하는 일차함수의 식을 $y=ax+b$로 놓는다.\n(3)한 점의 좌표를 $y=ax+b$에 대입하여 b의 값을 구한다.",중등,중2,1학기,493,일차함수의 그래프의 성질,함수,일차함수와 그래프,132,"일차함수의 그래프의 성질을 이해하고, 이를 활용하여 문제를 해결할 수 있다.",723,"['규칙성, 함수']"
4972,일차함수의 활용 문제의 풀이방법,"(1) 문제의 뜻을 파악하고 변수 x, y를 정한다.\n(2) x와 y사이의 관계식을 세운다.\n(3) 일차함수의 식이나 그래프를 이용하여 구하려는 값을 구한다.\n(4) 구한 값이 문제의 뜻에 맞는지 확인한다.",중등,중2,1학기,493,일차함수의 그래프의 성질,함수,일차함수와 그래프,132,"일차함수의 그래프의 성질을 이해하고, 이를 활용하여 문제를 해결할 수 있다.",717,"['규칙성, 함수']"
4970,기울기를 이용하여 일차함수의 식 구하기,"(1)기울기와 y절편이 주어질 때: 기울기가 a이고 y절편이 b인 직선을 그래프로 하는 일차함수의 식은 $y=ax+b$\n(2)기울기와 지나는 한 점이 주이질 때:기울기가 a이고 점 $(x_{1}, y_1)$을 지나는 직선을 그래프로 하는 일차함수의 식은 다음과 같은 순서로 구한다.\na. 기울기가 a이므로 구하는 일차함수의 식을 $y=ax+b$로 놓는다.\nb. $x=x_1$, $y=y_1$을 $y=ax+b$에 대입하여 b의 값을 구한다.",중등,중2,1학기,493,일차함수의 그래프의 성질,함수,일차함수와 그래프,132,"일차함수의 그래프의 성질을 이해하고, 이를 활용하여 문제를 해결할 수 있다.",722,"['규칙성, 함수']"
4974,직선의 방정식,"미지수 $x, y$의 값의 범위가 모든 수 일때, 방정식 $ax+by+c=0(a,b,c는 상수, a\ne0, b\ne0)$을 직선의 방정식이라 한다.",중등,중2,1학기,494,일차함수와 일차방정식,함수,일차함수와 일차방정식의 관계,133,일차함수와 미지수가 2개인 일차방정식의 관계를 이해한다.,728,"['규칙성, 함수']"
4975,일차함수와 미지수가 2개인 일차방정식의 관계,"미지수가 2개인 일차방정식 $ax+by+c=0$(a, b, c는 상수, $a\ne0$, $b\ne0$)의 그래프는 일차함수 $y=-\frac{a}{b}x-\frac{c}{b}$의 그래프와 같다.",중등,중2,1학기,494,일차함수와 일차방정식,함수,일차함수와 일차방정식의 관계,133,일차함수와 미지수가 2개인 일차방정식의 관계를 이해한다.,724,"['규칙성, 함수']"
4976,"일차방정식 x=p, y=q의 그래프를 그리는 방법","(1) 일차방정식 x=p ($pe0$)의 그래프는 점 (p, 0)을 지나고 y축에 평행한 직선이다. (x축에 수직)\n(2) 일차방정식 y=q ($qe0$)의 그래프는 점 (0, q)를 지나고 x축에 평행한 직선이다. (y축에 수직)",중등,중2,1학기,494,일차함수와 일차방정식,함수,일차함수와 일차방정식의 관계,133,일차함수와 미지수가 2개인 일차방정식의 관계를 이해한다.,725,"['규칙성, 함수']"
4978,"방정식 $x=0, y=0$의 그래프","방정식 $x=0$의 그래프는 y축을,$y=0$의 그래프는 x축을 나타낸다.",중등,중2,1학기,494,일차함수와 일차방정식,함수,일차함수와 일차방정식의 관계,133,일차함수와 미지수가 2개인 일차방정식의 관계를 이해한다.,726,"['규칙성, 함수']"
8794,일차방정식의 그래프,"일차방정식 $ax+by+c=0$(a, b, c는 상수, $a\ne0$, $b\ne0$)의 해 $(x,y)를 좌표평면 위에 나타내면 직선이 되고, 이 직선을 일차방정식의 그래프라 한다.",중등,중2,1학기,494,일차함수와 일차방정식,함수,일차함수와 일차방정식의 관계,133,일차함수와 미지수가 2개인 일차방정식의 관계를 이해한다.,729,"['규칙성, 함수']"
4979,일차방정식의 그래프와 연립일차방정식의 관계,"연립방정식$\begin{cases}{ax+by+c=0} \\ {a^{\prime}x+b^{\prime}y+}c^{\prime}=0\end{cases}$ 의 해는 두 일차방정식 $ax+by+c=0, a'x+b'y+c'=0$의 그래프의 교점의 좌표와 같다.\n연립방정식의 해 $x=p, y=q <=>$ 두 그래프의 교점의 좌표 (p, q)",중등,중2,1학기,495,일차함수의 그래프와 연립일차방정식의 해,함수,일차함수와 일차방정식의 관계,134,두 일차함수의 그래프와 연립일차방정식의 관계를 이해한다.,731,"['규칙성, 함수']"
4980,두 그래프의 위치관계와 연립방정식의 해의 개수,"연립방정식 $\begin{cases}{ax+by+c=0} \\ {a^{\prime}x+b^{\prime}y+}c^{\prime}=0\end{cases}$ 의 해의 개수는 두 일차방정식 $ax+by+c=0, a'x+b'y+c'=0$의 그래프의 교점의 개수와 같다. \n(1) 두 그래프의 위치관계 : 한점에서 만난다,  두 그래프의 교점의 개수 : 한 개, 연립방정식의 해의 개수 : 한 쌍의 해, 기울기와 y절편 : 기울기가 다르다. $\frac{a}\n{a^{\prime}}e\frac{b}{b^{\prime}}$\n(2) 두 그래프의 위치관계 : 평행하다,  두 그래프의 교점의 개수 : 없다, 연립방정식의 해의 개수 : 해가 없다, 기울기와 y절편 : 기울기는 같고 y절편은 다르다. $\frac{a}{a^{\prime}}=\frac{b}{b^{\prime}}e\frac{c}{c^{\prime}}$ \n(3) 두 그래프의 위치관계 : 일치한다,  두 그래프의 교점의 개수 : 무수히 많다, 연립방정식의 해의 개수 : 해가 무수히 많다, 기울기와 y절편 : 기울기와 y절편이 각각 같다. \n$\frac{a}{a^{\prime}}=\frac{b}{b^{\prime}}=\frac{c}{c^{\prime}}$",중등,중2,1학기,495,일차함수의 그래프와 연립일차방정식의 해,함수,일차함수와 일차방정식의 관계,134,두 일차함수의 그래프와 연립일차방정식의 관계를 이해한다.,730,"['규칙성, 함수']"
24,이등변삼각형의 꼭지각의 이등분선의 성질,이등변삼각형의 꼭지각의 이등분선은 밑변을 수직이등분 한다.,중등,중2,2학기,496,이등변삼각형의 성질,도형의 성질,삼각형의 성질,174,이등변삼각형의 성질을 이해하고 설명할 수 있다.,985,"['도형, 기하']"
23,이등변삼각형의 밑각의 성질,이등변삼각형의 두 밑각의 크기는 같다.,중등,중2,2학기,496,이등변삼각형의 성질,도형의 성질,삼각형의 성질,174,이등변삼각형의 성질을 이해하고 설명할 수 있다.,984,"['도형, 기하']"
26,직각삼각형의 합동 조건,(1) 빗변의 길이와 한 예각의 크기가 각각 같은 두 직각삼각형은 합동이다. (RHA 합동) \n(2) 빗변의 길이와 다른 한 변의 길이가 각각 같은 두 직각삼각형은 합동이다. (RHS 합동),중등,중2,2학기,497,직각삼각형의 합동조건,도형의 성질,삼각형의 성질,170,삼각형의 합동 조건을 이해하고 두 삼각형이 합동인지 판별할 수 있다.,954,"['도형, 기하']"
10568,각의 이등분선의 성질,(1) 각의 이등분선 위의 한 점에서 그 각의 두 변에 이르는 거리는 같다.\n(2) 각의 두 변에서 같은 거리에 있는 점은 그 각의 이등분선 위에 있다.,중등,중2,2학기,497,직각삼각형의 합동조건,도형의 성질,삼각형의 성질,170,삼각형의 합동 조건을 이해하고 두 삼각형이 합동인지 판별할 수 있다.,955,"['도형, 기하']"
32,삼각형의 외심의 응용,"점 O가 삼각형의 외심이고, $\angle OAB=\angle OBA=x\degree$, $\angle OAC=\angle OCA=z\degree$, $\angle OBC=\angle OCB=y\degree$라 할 때,\n(1)$\triangle ABC$에서 $2\angle x+2\angle y+2\angle z=180\degree$, $ \therefore\angle x+\angle y+\angle z=90\degree$ (외심 O로 인해 생기는 삼각형 ABC 내부의 세 삼각형의 각은 삼각형의 내각의 합이 180도임을 이용하여 각 x, 각 y, 각 z의 합이 90도임을 알 수 있다.)\n(2)$\bar{AO}$의 연장선과 $\bar{BC}$의 교점을 D라 하면\n$\angle BOD=\angle OAB+\angle OBA=2\angle OAB$, $\angle COD=\angle OAC+\angle OCA=2\angle OAC$, $\therefore\angle BOC=\angle BOD+\angle COD=2(\angle OAB+\angle OAC)=2\angle A$\n(삼각형의 두 내각의 크기의 합은 다른 한 각의 외각의 크기와 같다는 것을 이용하여 각 BOC의 크기는 각 A의 크기의 두 배와 같음을 구할 수 있다.)",중등,중2,2학기,498,삼각형의 외심과 내심,도형의 성질,삼각형의 성질,175,삼각형의 외심과 내심의 성질을 이해하고 설명할 수 있다.,989,"['도형, 기하']"
1106,삼각형의 내접원과 내심,"삼각형 ABC의 모든 변이 원 I에 접할 때, 원 I는 삼각형 ABC에 내접한다고 한다. 이때 원 I를 삼각형 ABC의 내접원이라 하고, 내접원의 중심 I를 삼각형 ABC의 내심이라 한다.",중등,중2,2학기,498,삼각형의 외심과 내심,도형의 성질,삼각형의 성질,175,삼각형의 외심과 내심의 성질을 이해하고 설명할 수 있다.,991,"['도형, 기하']"
1107,삼각형의 내심의 성질,(1) 삼각형의 세 내각의 이등분선은 한 점(내심)에서 만난다.\n(2) 삼각형의 내심에서 세 변에 이르는 거리는 같다.,중등,중2,2학기,498,삼각형의 외심과 내심,도형의 성질,삼각형의 성질,175,삼각형의 외심과 내심의 성질을 이해하고 설명할 수 있다.,990,"['도형, 기하']"
10569,원의 점선과 접점,"원과 직선이 한 점에서 만날 때, 이 직선은 원에 접한다고 한다. 이때 이 직선을 원의 접선이라 하고, 접선이 원과 만나는 점을 접점이라 한다. 또 원의 접선과 그 접점을 지나는 반지름과 수직이다.",중등,중2,2학기,498,삼각형의 외심과 내심,도형의 성질,삼각형의 성질,175,삼각형의 외심과 내심의 성질을 이해하고 설명할 수 있다.,992,"['도형, 기하']"
4498,삼각형의 내심의 위치,모든 삼각형의 내심은 삼각형의 내부에 있다.,중등,중2,2학기,498,삼각형의 외심과 내심,도형의 성질,삼각형의 성질,175,삼각형의 외심과 내심의 성질을 이해하고 설명할 수 있다.,993,"['도형, 기하']"
1108,삼각형의 내심의 응용,"점 I가 $\triangle ABC$의 내심일 때, 다음이 성립한다.\n(1) $\angle IAB+\angle IBC+ICA=90\degree$\n(내심은 삼각형의 안쪽에서 맞닿아 있는 원의 중심인데, 내심과 삼각형의 맞닿아 있는 선분을 이어보면, 닮음꼴인 세 쌍의 삼각형이 나온다. 이와 같이 닮음의 성질을 활용해 각각의 나누어진 삼각형의 각도가 정확히 반으로 나누어지기 때문에 내심을 기준으로 각 꼭짓점과 연결해 만든 세 삼각형의 두 밑각의 합을 반으로 나눈 것은 전체 삼각형의 내각의 합을 반으로 나눈 것과 같다.)\n(2) $\angle BIC=90\degree+\frac{1}{2}\angle A$\n(꼭짓점 A에서 내심을 지나고 선분 BC와 접하는 점을 D라 할 때 각 BID는 각IAB+각IBA이고 각CID는 각IAC+각ICA이므로 각BID+각CID인 각BIC는 $90\degree+\frac{1}{2}\angle A$라고 할 수 있다.)",중등,중2,2학기,498,삼각형의 외심과 내심,도형의 성질,삼각형의 성질,175,삼각형의 외심과 내심의 성질을 이해하고 설명할 수 있다.,994,"['도형, 기하']"
30,삼각형의 외접원과 외심,"삼각형 ABC의 모든 꼭짓점이 원 O 위에 있을 때, 원 O는 삼각형 ABC에 외접한다고 한다. 이때 원 O를 삼각형 ABC의 외접원이라 하고, 외접원의 중심 O를 삼각형 ABC의 외심이라 한다.",중등,중2,2학기,498,삼각형의 외심과 내심,도형의 성질,삼각형의 성질,175,삼각형의 외심과 내심의 성질을 이해하고 설명할 수 있다.,986,"['도형, 기하']"
1109,평행사변형,평행사변형 : 두 쌍의 대변이 각각 평행한 사각형,중등,중2,2학기,499,평행사변형,도형의 성질,사각형의 성질,176,사각형의 성질을 이해하고 설명할 수 있다.,996,"['도형, 기하']"
7118,평행사변형의 넓이가 나누어지는 경우,(1) 평행사변형의 넓이는 한 대각선에 의하여 이등분된다. \n(2) 평행사변형의 넓이는 두 대각선에 의하여 사등분된다. \n(3) 평행사변형의 내부의 한 점 P에 대하여 다음이 성립한다. ? $\triangle PAB+\triangle PCD=\triangle PDA+\triangle PBC=\frac{1}{2}\square ABCD$,중등,중2,2학기,499,평행사변형,도형의 성질,사각형의 성질,176,사각형의 성질을 이해하고 설명할 수 있다.,1002,"['도형, 기하']"
1110,평행사변형의 성질,(1) 두 쌍의 대변의 길이는 각각 같다. \n(2) 두 쌍의 대각의 크기는 각각 같다. \n(3) 두 대각선은 서로 다른 것을 이등분한다.,중등,중2,2학기,499,평행사변형,도형의 성질,사각형의 성질,176,사각형의 성질을 이해하고 설명할 수 있다.,997,"['도형, 기하']"
8931,평행사변형이 되는 조건의 응용,"(1) 평행사변형 ABCD에서 $\angle ABE=\angle EBF,\angle EDF=\angle FDC$일 때, $\square EBFD$는 평행사변형이다.\n(선분 AD 위의 점 E, 선분 BC 위의 점 F)\n(2) 평행사변형 ABCD에서 $\overline{EO}=\overline{FO}$ (또는 $\overline{AE}=\overline{CF}$)일 때, $\square EBFD$는 평행사변형이다.\n(선분 AC의 중점 O, 점 E, F는 선분 AC 위의 점)\n(3) 평행사변형 ABCD에서 $\overline{AE}=\overline{CF}$(또는 $\overline{ED}=\overline{BF}$)일 때, $\square EBFD$는 평행사변형이다.\n(점 E는 선분 AD 위의 점, 점 F는 선분 BC 위의 점)\n(4) 평행사변형 ABCD에서 $\angle AEB=\angle CFD=90\degree$일 때, $\square EBFD$는 평행사변형이다.\n(선분 AC 위의 점 E, F)\n(5) 평행사변형 ABCD에서 $\overline{AS}=\overline{SD}=\overline{BQ}=\overline{QC}$, $\overline{AP}=\overline{PB}=\overline{DR}=\overline{RC}$일 때, $\square EBFD$는 평행사변형이다.\n(선분 AD 위의 중점 S, 선분 BC 위의 중점 Q, 선분 AB 위의 중점 P, 선분 CD 위의 중점 R,\n이때 선분 BS와 선분 PD가 만나는 점을 E, 선분 BR와 선분 DQ가 만나는 점을 F)",중등,중2,2학기,499,평행사변형,도형의 성질,사각형의 성질,176,사각형의 성질을 이해하고 설명할 수 있다.,1000,"['도형, 기하']"
1117,평행사변형이 직사각형이 되는 조건,평행사변형이 다음 조건 중 어느 하나를 만족시키면 직사각형이 된다.\n(1) 한 내각이 직각이다.\n(2) 두 대각선의 길이가 같다.,중등,중2,2학기,500,여러가지 사각형,도형의 성질,사각형의 성질,176,사각형의 성질을 이해하고 설명할 수 있다.,1005,"['도형, 기하']"
7123,마름모의 성질,마름모의 두 대각선은 서로 다른 것을 수직이등분한다.,중등,중2,2학기,500,여러가지 사각형,도형의 성질,사각형의 성질,176,사각형의 성질을 이해하고 설명할 수 있다.,1006,"['도형, 기하']"
1120,평행사변형이 마름모가 되는 조건,평행사변형이 다음 조건 중 어느 하나를 만족시키면 마름모가 된다.\n(1) 이웃하는 두 변의 길이가 같다.\n(2) 두 대각선이 수직이다.,중등,중2,2학기,500,여러가지 사각형,도형의 성질,사각형의 성질,176,사각형의 성질을 이해하고 설명할 수 있다.,1008,"['도형, 기하']"
7126,정사각형의 성질,"정사각형의 두 대각선은 길이가 같고, 서로 다른 것을 수직이등분한다.",중등,중2,2학기,500,여러가지 사각형,도형의 성질,사각형의 성질,176,사각형의 성질을 이해하고 설명할 수 있다.,1009,"['도형, 기하']"
7127,직사각형이 정사각형이 되는 조건,직사각형이 다음 중 어느 한 조건을 만족시키면 정사각형이 된다.\n(1) 이웃하는 두 변의 길이가 같다.\n(2) 두 대각선이 서로 수직이다.,중등,중2,2학기,500,여러가지 사각형,도형의 성질,사각형의 성질,176,사각형의 성질을 이해하고 설명할 수 있다.,1010,"['도형, 기하']"
7128,마름모가 정사각형이 되는 조건,마름모가 다음 중 어느 한 조건을 만족시키면 정사각형이 된다.\n(1) 한 내각이 직각이다.\n(2) 두 대각선의 길이가 같다.,중등,중2,2학기,500,여러가지 사각형,도형의 성질,사각형의 성질,176,사각형의 성질을 이해하고 설명할 수 있다.,1011,"['도형, 기하']"
7167,사다리꼴,한 쌍의 대변이 평행한 사각형,중등,중2,2학기,500,여러가지 사각형,도형의 성질,사각형의 성질,176,사각형의 성질을 이해하고 설명할 수 있다.,1012,"['도형, 기하']"
7169,등변사다리꼴의 성질,(1) 평행하지 않은 한 쌍의 대변의 길이가 같다. \n(2) 두 대각선의 길이가 같다.,중등,중2,2학기,500,여러가지 사각형,도형의 성질,사각형의 성질,176,사각형의 성질을 이해하고 설명할 수 있다.,1014,"['도형, 기하']"
7170,여러 가지 사각형 사이의 관계,사각형 ? (한 쌍의 대변이 평행할때) ?사다리꼴 ? (다른 한 쌍의 대변이 평행할때) ? 평행사변형\n(1) 평행사변형 ? (한 내각이 직각이거나 두 대각선의 길이가 같을 때) ?직사각형 ? (이웃하는 두 변의 길이가 같거나 두 대각선이 서로 수직일 때) ? 정사각형\n(2) 평행사변형 ? (이웃하는 두 변의 길이가 같거나 두 대각선이 서로 수직일 때) ? 마름모 ? (한 내각이 직각이거나 두 대각선의 길이가 같을 때) ? 정사각형,중등,중2,2학기,500,여러가지 사각형,도형의 성질,사각형의 성질,176,사각형의 성질을 이해하고 설명할 수 있다.,1015,"['도형, 기하']"
7122,마름모,네 변의 길이가 모두 같은 사각형,중등,중2,2학기,500,여러가지 사각형,도형의 성질,사각형의 성질,176,사각형의 성질을 이해하고 설명할 수 있다.,1004,"['도형, 기하']"
7171,여러 가지 사각형의 대각선의 성질,"(1) 평행사변형 : 두 대각선이 서로 다른 것을 이등분한다.\n(2) 직사각형 : 두 대각선의 길이가 같고, 서로 다른 것을 이등분한다.\n(3) 마름모 : 두 대각선이 서로 다른 것을 수직이등분한다.\n(4) 정사각형 : 두 대각선의 길이가 같고, 서로 다른 것을 수직 이등분한다.\n(5) 등변사다리꼴 : 두 대각선의 길이가 같다.",중등,중2,2학기,500,여러가지 사각형,도형의 성질,사각형의 성질,176,사각형의 성질을 이해하고 설명할 수 있다.,1016,"['도형, 기하']"
7172,사각형의 각 변의 중점을 연결하여 만든 사각형의 형태,주어진 사각형의 각 변의 중점을 연결하면 다음과 같은 사각형이 만들어진다. \n(해당 사각형의 각 변의 중점을 연결) ?  (만들어지는 사각형)\n(1) 사각형 ? 평행사변형\n(2) 평행사변형 ? 평행사변형\n(3) 직사각형 ? 마름모\n(4) 마름모 ? 직사각형\n(5) 정사각형 ? 정사각형\n(6) 등변사다리꼴 ? 마름모,중등,중2,2학기,500,여러가지 사각형,도형의 성질,사각형의 성질,176,사각형의 성질을 이해하고 설명할 수 있다.,1018,"['도형, 기하']"
7174,높이가 같은 두 삼각형의 넓이의 비,높이가 같은 두 삼각형의 넓이의 비는 밑변의 길이의 비와 같다.,중등,중2,2학기,500,여러가지 사각형,도형의 성질,사각형의 성질,176,사각형의 성질을 이해하고 설명할 수 있다.,1020,"['도형, 기하']"
9498,평행선과 삼각형의 넓이 사이의 관계,"두 직선 l과 m이 평행할 때, $\triangle ABC$와 $\triangle DBC$는 밑변 BC가 공통이고 높이는 h로 같으므로 두 삼각형의 넓이는 서로 같다.",중등,중2,2학기,500,여러가지 사각형,도형의 성질,사각형의 성질,176,사각형의 성질을 이해하고 설명할 수 있다.,1017,"['도형, 기하']"
10573,평행선과 삼각형의 넓이의 응용,사각형 ABCD의 꼭짓점 D를 지나고 $\bar{AC}$와 평행한 직선이 $\bar{BC}$의 연장선과 만나는 점을 E라 하면 $\bar{AC}\parallel\bar{DE}$이므로\n$\triangle DAC=\triangle EAC$\n$\therefore\square ABCD=\triangle ABC+\triangle DAC=\triangle ABC+\triangle EAC=\triangle ABE$,중등,중2,2학기,500,여러가지 사각형,도형의 성질,사각형의 성질,176,사각형의 성질을 이해하고 설명할 수 있다.,1019,"['도형, 기하']"
7120,직사각형의 성질,"직사각형의 두 대각선은 길이가 같고, 서로 다른 것을 이등분한다.",중등,중2,2학기,500,여러가지 사각형,도형의 성질,사각형의 성질,176,사각형의 성질을 이해하고 설명할 수 있다.,1003,"['도형, 기하']"
7168,등변사다리꼴,아랫변의 양 끝 각의 크기가 같은 사다리꼴,중등,중2,2학기,500,여러가지 사각형,도형의 성질,사각형의 성질,176,사각형의 성질을 이해하고 설명할 수 있다.,1013,"['도형, 기하']"
1180,닮음,"한 도형을 일정한 비율로 확대 또는 축소한 도형이 다른 도형과 합동일 때, 이 두 도형은 서로 닮음인 관계에 있다고 한다. 또 서로 닮음인 관계에 있는 두 도형을 닮은 도형이라 한다.",중등,중2,2학기,501,도형의 닮음,도형의 닮음,도형의 닮음,177,도형의 닮음의 의미와 닮은 도형의 성질을 이해한다.,1021,"['도형, 기하']"
1181,평면도형에서 닮음의 성질,닮은 두 평면도형에서\n(1) 대응변의 길이의 비는 일정하다.\n(2) 대응각의 크기는 각각 같다.,중등,중2,2학기,501,도형의 닮음,도형의 닮음,도형의 닮음,177,도형의 닮음의 의미와 닮은 도형의 성질을 이해한다.,1022,"['도형, 기하']"
1182,입체도형에서 닮음의 성질,닮은 두 입체도형에서\n(1) 대응하는 모서리의 길이의 비는 일정하다.\n(2) 대응하는 면은 닮은 도형이다.,중등,중2,2학기,501,도형의 닮음,도형의 닮음,도형의 닮음,177,도형의 닮음의 의미와 닮은 도형의 성질을 이해한다.,1023,"['도형, 기하']"
1183,닮음비,닮은 두 도형에서 대응변 또는 대응하는 모서리의 길이의 비,중등,중2,2학기,501,도형의 닮음,도형의 닮음,도형의 닮음,177,도형의 닮음의 의미와 닮은 도형의 성질을 이해한다.,1024,"['도형, 기하']"
1185,직각삼각형의 닮음,두 직각삼각형에서 한 예각의 크기가 같으면 두 삼각형은 닮은 도형이다.,중등,중2,2학기,502,삼각형의 닮음 조건,도형의 닮음,도형의 닮음,178,"삼각형의 닮음 조건을 이해하고, 이를 이용하여 두 삼각형이 닮음인지 판별할 수 있다.",1034,"['도형, 기하']"
2711,직각삼각형의 닮음을 이용한 성질,"$\angle A=90\degree$인 직각삼각형 ABC의 꼭짓점 A에서 빗변 BC에 내린 수선의 발을 H라 하면 \n(1) $\triangle ABC\sim\triangle HBA$ (AA닮음)\n$\overline{AB}\colon\overline{HB}=\overline{BC}\colon\overline{BA}$\n$\therefore\overline{AB}^2=\overline{BH}\times\overline{BC}$\n(삼각형 ABC와 삼각형 HBA가 AA닮음이므로 닮음비를 활용하면 선분 AB의 제곱은 선분 BH,선분 BC의 곱과 같다.)\n(2) $\triangle ABC\sim\triangle HAC$ (AA 닮음)\n$\overline{BC}\colon\overline{AC}=\overline{AC}\colon\overline{HC}$\n$\therefore\overline{AC}^2=\overline{CH}\times\overline{CB}$\n(삼각형 ABC와 삼각형 HAC가 AA닮음이므로 닮음비를 활용하면 선분 AC의 제곱은 선분 CH,선분 CB의 곱과 같다.)\n(3) $\triangle HBA\sim\triangle HAC$ (AA 닮음)\n$\overline{HA}\colon\overline{HC}=\overline{HB}\colon\overline{HA}$\n$\therefore\overline{AH}^2=\overline{HB}\times\overline{HC}$\n(삼각형 HBA와 삼각형 HAC가 AA 닮음이므로 닮음비를 활용하면 선분 AH의 제곱과 선분 HB, 선분 HC의 곱이 같다.)",중등,중2,2학기,502,삼각형의 닮음 조건,도형의 닮음,도형의 닮음,178,"삼각형의 닮음 조건을 이해하고, 이를 이용하여 두 삼각형이 닮음인지 판별할 수 있다.",1035,"['도형, 기하']"
1184,삼각형의 닮음 조건,삼각형 ABC와 DEF는 다음 각 경우에 닮은 도형이다.\n(1) 세 쌍의 대응변의 길이의 비가 같을 때 (SSS 닮음)\n(2) 두 쌍의 대응변의 길이의 비가 같고 그 끼인각의 크기가 같을 때 (SAS 닮음)\n(3) 두 쌍의 대응각의 크기가 각각 같을 때 (AA 닮음),중등,중2,2학기,502,삼각형의 닮음 조건,도형의 닮음,도형의 닮음,178,"삼각형의 닮음 조건을 이해하고, 이를 이용하여 두 삼각형이 닮음인지 판별할 수 있다.",1033,"['도형, 기하']"
8289,삼각형의 닮음 조건을 응용하여 닮음인 삼각형을 찾는 방법,두 삼각형이 겹쳐진 도형에서 닮음인 삼각형은 다음과 같은 방법으로 찾는다.\n(1) SAS 닮음의 응용\n공통인 각을 끼인각으로 하는 두 쌍의 대응변의 길이의 비가 같은 두 삼각형을 찾는다.\n(2) AA 닮음의 응용\n공통인 각이 있고 다른 한 내각의 크기가 같은 두 삼각형을 찾는다.,중등,중2,2학기,502,삼각형의 닮음 조건,도형의 닮음,도형의 닮음,178,"삼각형의 닮음 조건을 이해하고, 이를 이용하여 두 삼각형이 닮음인지 판별할 수 있다.",1036,"['도형, 기하']"
1201,평행선 사이의 선분의 길이의 비,"평행한 세 직선이 다른 두 직선과 만날 때, 평행선 사이의 선분의 길이의 비는 같다.",중등,중2,2학기,503,평행선 사이의 선분의 길이의 비,도형의 닮음,닮음의 응용,179,평행선 사이의 선분의 길이의 비를 구할 수 있다.,1040,"['도형, 기하']"
1202,사다리꼴에서 평행선 사이의 선분의 길이의 비,"$\bar{AD}\parallel\bar{BC}$인 사다리꼴 ABCD에서 변 AD와 변 BC 사이에 이 두 변과 평행한 보조선 EF를 그으면$\bar{EF}\parallel\bar{BC}$ 이고 $\bar{AD}=a$, $\bar{BC}=b$, $\bar{AE}=m$, $\bar{EB}=n$ 일 때\n$\bar{EF}=\frac{an+bm}{m+n}$",중등,중2,2학기,503,평행선 사이의 선분의 길이의 비,도형의 닮음,닮음의 응용,179,평행선 사이의 선분의 길이의 비를 구할 수 있다.,1041,"['도형, 기하']"
1203,평행선 사이의 선분의 길이의 비의 응용,"두 삼각형 ABC와 BCD에서 $\bar{AC}$와$\bar{BD}$의 교점을 E라 하고, 변 BC위의 점 F에 대하여 변 EF는 변 AB, 변 DC와 평행하다고 하자. $\bar{AB}\parallel\bar{EF}\parallel\bar{DC}$일 때, $\bar{AB}=a$, $\bar{DC}=b$이면\n(1) $\bar{EF}=\frac{ab}{a+b}$\n(2) $\bar{BC}\colon\bar{FC}=a\colon b$",중등,중2,2학기,503,평행선 사이의 선분의 길이의 비,도형의 닮음,닮음의 응용,179,평행선 사이의 선분의 길이의 비를 구할 수 있다.,1042,"['도형, 기하']"
1200,삼각형에서 평행선 사이의 선분의 길이의 비,"(1) 삼각형 ABC에서 두 변 AB, AC 또는 그 연장선 위의 점을 각각 D, E라 할 때, $\bar{BC}\parallel\bar{DE}$ 이면\n(1-1) $\bar{AB}\colon\bar{AD}=\bar{AC}\colon\bar{AE}$ 이면  $\bar{BC}\parallel\bar{DE}$\n(1-2) $\bar{AD}\colon\bar{DB}=\bar{AE}\colon\bar{EC}$\n(2) 삼각형 ABC에서 두 변 AB, AC 또는 그 연장선 위의 점을 각각 D, E라 할 때,\n(2-1) $\bar{AB}\colon\bar{AD}=\bar{AC}\colon\bar{AE}$ 이면$\bar{BC}\parallel\bar{DE}$ \n(2-2) $\bar{AD}\colon\bar{DB}=\bar{AE}\colon\bar{EC}$ 이면 $\bar{BC}\parallel\bar{DE}$",중등,중2,2학기,503,평행선 사이의 선분의 길이의 비,도형의 닮음,닮음의 응용,179,평행선 사이의 선분의 길이의 비를 구할 수 있다.,1037,"['도형, 기하']"
10572,삼각형의 외각의 이등분선의 성질,"$\triangle ABC$에서 $\angle A$의 외각의 이등분선이 $\overline{BC}$의 연장선과 만나는 점을 D라 하면 $\overline{AB}\colon\overline{AC}=\overline{BD}\colon\overline{CD}$\n(점 C에서 선분 AD와 평행한 직선을 긋고 그 직선과 선분 AB가 만나는 점을 점 F라 할 때, 각 DAC와 각 ACF는 엇각으로, 각 EAD와 각 AFC는 동위각으로 같다. 이에 두 각의 크기가 같으므로 선분 AF와 선분 AC의 길이는 같다. 이 성질을 활용하고 닮음비를 응용하여 나오는 성질이다.)",중등,중2,2학기,503,평행선 사이의 선분의 길이의 비,도형의 닮음,닮음의 응용,179,평행선 사이의 선분의 길이의 비를 구할 수 있다.,1039,"['도형, 기하']"
9519,삼각형의 내각의 이등분선의 성질,$\triangle ABC$에서 $\angle A$의 내각의 이등분선이 $\overline{BC}$와 만나는 점을 D라 하면\n$\overline{AB}\colon\overline{AC}=\overline{BD}\colon\overline{CD}$\n(점 C에서 선분 AD와 평행한 직선을 긋고 그 직선과 선분 AB의 연장선이 만나는 점을 E라 하면 각AEC는 각 BAD와 동위각이고 각 ACE는 각 CAD와 엇각이므로 선분 AE와 선분 AC의 길이가 같다. 이에 닮음비를 응용하여 나오는 성질이다.),중등,중2,2학기,503,평행선 사이의 선분의 길이의 비,도형의 닮음,닮음의 응용,179,평행선 사이의 선분의 길이의 비를 구할 수 있다.,1038,"['도형, 기하']"
2712,삼각형의 두 변의 중점을 연결한 선분의 성질,"(1) 삼각형의 두 변의 중점을 연결한 선분은 나머지 한 변과 평행하고, 그 길이는 나머지 한 변의 길이의 $\frac{1}{2}$이다.\n(2) 삼각형의 한 변의 중점을 지나고, 다른 한 변에 평행한 직선은 나머지 한 변의 중점을 지난다.",중등,중2,2학기,504,삼각형의 무게중심,도형의 닮음,닮음의 응용,179,평행선 사이의 선분의 길이의 비를 구할 수 있다.,1043,"['도형, 기하']"
2717,삼각형의 무게중심의 성질,(1) 삼각형의 세 중선은 한 점(무게중심)에서 만난다.\n(2) 삼각형의 무게중심은 세 중선의 길이를 각 꼭짓점으로부터 각각 2:1로 나눈다.,중등,중2,2학기,504,삼각형의 무게중심,도형의 닮음,닮음의 응용,177,도형의 닮음의 의미와 닮은 도형의 성질을 이해한다.,1028,"['도형, 기하']"
2718,삼각형의 무게중심과 넓이의 관계,$\triangle ABC$에서 점 G가 무게중심일 때\n(1) 삼각형의 세 중선에 의하여 삼각형의 넓이는 6등분 된다. \n(2) 삼각형의 무게중심과 세 꼭짓점을 이어서 생기는 세 삼각형의 넓이는 같다.,중등,중2,2학기,504,삼각형의 무게중심,도형의 닮음,닮음의 응용,177,도형의 닮음의 의미와 닮은 도형의 성질을 이해한다.,1029,"['도형, 기하']"
8343,사각형의 네 변의 중점을 연결한 선분의 성질,"$\square ABCD$의 네 변의 중점을 각각 P, Q, R, S라 하면\n(선분 AB의 중점 P, 선분 BC의 중점 Q, 선분 CD의 중점 R, 선분 AD의 중점 S)\n(1) $\overline{PS}\parallel\overline{BD}\parallel\overline{QR},\overline{PQ}\parallel\overline{AC}\parallel\overline{SR}$\n(2) $\overline{PS}=\overline{QR}=\frac{1}{2}\overline{BD},\overline{PQ}=\overline{SR}=\frac{1}{2}\overline{AC}$\n(3) ($\square PQRS$의 둘레의 길이)=$\overline{AC}+\overline{BD}$",중등,중2,2학기,504,삼각형의 무게중심,도형의 닮음,닮음의 응용,179,평행선 사이의 선분의 길이의 비를 구할 수 있다.,1044,"['도형, 기하']"
8344,사다리꼴의 두 변의 중점을 연결한 선분의 성질,"$\overline{AD}\parallel\overline{BC}$인 사다리꼴 ABCD에서 $\overline{AB},\overline{DC}$의 중점을 각각 M, N이라 하면\n(1) $\overline{AD}\parallel\overline{MN}\parallel\overline{BC}$\n(2) $\overline{MQ}=\overline{NP}=\frac{1}{2}\overline{BC},\overline{MP}=\overline{NQ}=\frac{1}{2}\overline{AD}$\n(3) $\overline{MN}=\overline{MQ}+\overline{QN}=\frac{1}{2}(\overline{AD}+\overline{BC})$\n(4) $\overline{PQ}=\overline{MQ}-\overline{MP}=\frac{1}{2}(\overline{BC}-\overline{AD})$ (단, $\overline{BC}>\overline{AD}$)\n(삼각형 ABC와 삼각형 ACD의 AA닮음을 이용하거나 삼각형 ABD와 삼각형 ABC의 AA닮음을 이용하여 도출된 결론이다.)",중등,중2,2학기,504,삼각형의 무게중심,도형의 닮음,닮음의 응용,179,평행선 사이의 선분의 길이의 비를 구할 수 있다.,1045,"['도형, 기하']"
8403,평행사변형에서 삼각형의 무게중심의 응용,"평행사변형 ABCD에서 $\overline{BC},\overline{CD}$의 중점을 각각 M, N이라 하고 $\overline{BD}$와 $\overline{AC},\overline{AM},\overline{AN}$의 교점을 각각 O, P, Q라 하면\n(1) 점 P는 $\triangle ABC$의 무게중심이고, 점 Q는 $\triangle ACD$의 무게중심이다.\n(2) $\overline{BP}\colon\overline{PO}=\overline{DQ}\colon\overline{QO}=2\colon1,\overline{BP}=\overline{PQ}=\overline{QD}=\frac{1}{3}\overline{BD}$\n(평행사변형 ABCD을 삼각형 ABC와 삼각형 ACD가 붙은 상태로 볼 수 있다. 이때 점 O는 선분BD의 중점이고 선분 AC의 중점이고 점 A에서 선분 BC와 선분 CD에 각각의 중점으로 선분을 그었을 때 그 점들이 M,N이므로 점 P, Q를 각 삼각형들의 무게중심이라고 볼 수 있다. 무게중심의 성질을 응용한 공식이다.)",중등,중2,2학기,504,삼각형의 무게중심,도형의 닮음,닮음의 응용,177,도형의 닮음의 의미와 닮은 도형의 성질을 이해한다.,1032,"['도형, 기하']"
2715,삼각형의 무게중심,삼각형의 세 중선의 교점,중등,중2,2학기,504,삼각형의 무게중심,도형의 닮음,닮음의 응용,177,도형의 닮음의 의미와 닮은 도형의 성질을 이해한다.,1026,"['도형, 기하']"
2716,삼각형의 중선의 성질,삼각형의 중선은 그 삼각형의 넓이를 이등분한다.,중등,중2,2학기,504,삼각형의 무게중심,도형의 닮음,닮음의 응용,177,도형의 닮음의 의미와 닮은 도형의 성질을 이해한다.,1027,"['도형, 기하']"
2719,"닮음비와 넓이의 비, 부피의 비 사이의 관계",(1) 서로 닮은 두 평면도형의 둘레의 길이와 넓이의 비\n서로 닮은 두 평면도형의 닮음비가 m : n이면 \n(1-1) 둘레의 길이의 비는 m : n\n(1-2) 넓이의 비는 $m^2\colon n^2$\n(2) 서로 닮은 두 입체도형의 겉넓이와 부피의 비\n서로 닮은 두 입체도형의 닮음비가 m : n이면 \n(2-1) 겉넓이의 비는 $m^2\colon n^2$\n(2-2) 부피의 비는 $m^3\colon n^3$,중등,중2,2학기,505,닮은 도형의 넓이와 부피,도형의 닮음,닮음의 응용,177,도형의 닮음의 의미와 닮은 도형의 성질을 이해한다.,1030,"['도형, 기하']"
2724,피타고라스 수,"직각삼각형의 세 변의 길이가 될 수 있는 세 자연수, 즉 $a^2+b^2=c^2$을 만족시키는 세 자연수 a, b, c의 순서쌍 (a, b, c)를 피타고라스 수라 한다.",중등,중2,2학기,506,피타고라스 정리,피타고라스 정리,피타고라스 정리,180,피타고라스 정리를 이해하고 설명할 수 있다.,1047,"['도형, 기하']"
2727,피타고라스 정리의 활용; 사각형,"사각형 ABCD에서 두 대각선이 점 O에서 직교할 때, $\bar{AB}^2+\bar{CD}^2=(\bar{AO}^2+\bar{BO}^2)+(\bar{CD}^2+\bar{DO}^2)=(\bar{BO}^2+\bar{CO}^2+(\bar{AO}^2+\bar{DO}^2)=\bar{BC}^2+\bar{DA}^2$\n(변 AB의 제곱과 변 CD의 제곱의 합은 피타고라스 정리를 이용하여 변 BC의 제곱과 변 DA의 제곱의 합으로 나타낼 수 있다.)",중등,중2,2학기,506,피타고라스 정리,피타고라스 정리,피타고라스 정리,180,피타고라스 정리를 이해하고 설명할 수 있다.,1053,"['도형, 기하']"
2725,삼각형의 변의 길이와 각의 크기 사이의 관계,"$\triangle ABC$에서 $\overline{AB}=c,\overline{BC}=a,\overline{CA}=b$이고 c가 가장 긴 변의 길이일 때\n(1) $c^2<a^2+b^2$이면 $\angle C<90\degree$이고 $\triangle ABC$는 예각삼각형이다.\n(2) $c^2=a^2+b^2$이면 $\angle C=90\degree$이고 $\triangle ABC$는 직각삼각형이다.\n(3) $c^2>a^2+b^2$이면 $\angle C>90\degree$이고 $\triangle ABC$는 둔각삼각형이다.",중등,중2,2학기,506,피타고라스 정리,피타고라스 정리,피타고라스 정리,180,피타고라스 정리를 이해하고 설명할 수 있다.,1048,"['도형, 기하']"
9202,"피타고라스 정리 확인하기, 유클리드의 방법","직각삼각형 ABC에 대하여 $\bar{AC}=b$, $\bar{CB}=a$, $\bar{AB}=c$라 하고, 변 AC를 한 변으로 하는 정사각형을 ACDE, 변 AB를 한 변으로 하는 정사각형 AFBG, 변 BC를 한 변으로 하는 정사각형을 BHIC라 하자. 그리고 점 C에서 $\bar{AB}$에 내린 수선의 발을 L, 그 연장선과 $\bar{FG}$의 교점을 M이라 하면\n$\square ACDE=\square AFML$, $\square BHIC=\square LMGB$이다.\n$\square ACDE+\square BHIC=\square AFML+\square LMGB=\square AFGB$이므로 $a^2+b^2=c^2$이다.",중등,중2,2학기,506,피타고라스 정리,피타고라스 정리,피타고라스 정리,180,피타고라스 정리를 이해하고 설명할 수 있다.,1052,"['도형, 기하']"
9516,피타고라스 정리 확인하기; 윌리스의 방법,"직각삼각형 ABC에서 $\angle C=90\degree$, $\bar{AC}=b$, $\bar{CB}=a$, $\bar{AB}=c$, $\bar{AD}=x$, $\bar{DB}=y$라 하자.\n점 C에서 $\bar{AB}$에 내린 수선의 발을 D라 하면\n$\triangle ABC\backsim\triangle ACD$이므로\n$c\colon b=b\colon x$, 즉 $b^2=xy$이다.\n또 $\triangle ABC\backsim\triangle CBD$이므로 $c\colon a=a\colon y$, 즉 $a^2=cy$이므로\n$a^2+b^2=cy+cx=c(x+y)$이다.\n이때 $x+y=c$이므로 $a^2+b^2=c^2$이다.",중등,중2,2학기,506,피타고라스 정리,피타고라스 정리,피타고라스 정리,180,피타고라스 정리를 이해하고 설명할 수 있다.,1054,"['도형, 기하']"
9518,피타고라스 정리 확인하기; 피타고라스의 방법,"직각변이 a, b, 빗변이 c인 4개의 직각삼각형을 적절히 배열하여 큰 정사각형을 만들 수 있다. 이 큰 정사각형은 $(a+b)$를 변으로 하므로 그 넓이는 $(a+b)^2$이다. 또한, 이는 c를 변으로 하는 작은 정사각형의 넓이 $c^2$와 직각 삼각형의 넓이 $\frac{1}{2}ab$의 4배의 합과 같다.\n$(a+b)^2=c^2+4\cdot\frac{1}{2}ab=c^2+2ab$\n이를 정리하면 피타고라스 정리를 얻는다.\n$c^2=(a+b)^2-2ab=a^2+2ab+b^2-2ab=a^2+b^2$",중등,중2,2학기,506,피타고라스 정리,피타고라스 정리,피타고라스 정리,180,피타고라스 정리를 이해하고 설명할 수 있다.,1055,"['도형, 기하']"
8404,피타고라스 정리,"직각삼각형에서 직각을 낀 두 변의 길이를 각각 a, b라 하고, 빗변의 길이를 c라 하면\n$a^2+b^2=c^2$이 성립한다.\n이와 같은 성질을 피타고라스 정리라 한다.",중등,중2,2학기,506,피타고라스 정리,피타고라스 정리,피타고라스 정리,180,피타고라스 정리를 이해하고 설명할 수 있다.,1050,"['도형, 기하']"
2723,직각삼각형이 되는 조건,"세 변의 길이가 각각 a, b, c인 $\triangle ABC$에서 $a^2+b^2=c^2$이면 이 삼각형은 빗변의 길이가 c인 직각삼각형이다.",중등,중2,2학기,506,피타고라스 정리,피타고라스 정리,피타고라스 정리,180,피타고라스 정리를 이해하고 설명할 수 있다.,1046,"['도형, 기하']"
2726,피타고라스 정리의 활용; 직각삼각형,"$\angle A=90\degree$인 직각삼각형 ABC에서 두 점 D, E가 각각 $\bar{AB}$, $\bar{AC}$ 위에 있을 때,$\bar{DE}^2+\bar{BC}^2=(\bar{AD}^2+\bar{AE}^2)+(\bar{AB}^2+\bar{AC}^2)=(\bar{AE}^2+\bar{AB}^2)=(\bar{AD^2}+\bar{AC}^2)=\bar{BE}^2+\bar{CD}^2$\n(변 DE, 변 BC의 제곱의 합은 피타고라스 정리를 활용하여 변 BE와 변 CD의 합으로 나타낼 수 있다.)",중등,중2,2학기,506,피타고라스 정리,피타고라스 정리,피타고라스 정리,180,피타고라스 정리를 이해하고 설명할 수 있다.,1051,"['도형, 기하']"
8421,한 줄로 세우는 경우의 수를 구하는 방법,(1) n명을 한 줄로 세우는 경우의 수\n? $n\times(n-1)\times(n-2)\times\cdots\times2\times1$\n(2) n명 중에서 2명을 뽑아 한 줄로 세우는 경우의 수\n? $n\times(n-1)$\n(3) n명 중에서 3명을 뽑아 한 줄로 세우는 경우의 수 \n? $n\times(n-1)\times(n-2)$,중등,중2,2학기,507,사건과 경우의 수,확률,경우의 수,283,경우의 수를 구할 수 있다.,1414,"['자료, 가능성, 확률과 통계']"
8422,한 줄로 세울 때 이웃하여 서는 경우의 수를 구하는 방법,(1) 이웃하는 것을 하나로 묶어 한 줄로 세우는 경우의 수를 구한다.\n(2) 묶음 안에서 자리를 바꾸는 경우의 수를 구한다.\n(3) (1)과 (2)의 경우의 수를 곱한다.,중등,중2,2학기,507,사건과 경우의 수,확률,경우의 수,283,경우의 수를 구할 수 있다.,1415,"['자료, 가능성, 확률과 통계']"
8424,대표를 뽑는 경우의 수를 구하는 방법,(1) 자격이 다른 대표를 뽑는 경우\n(1-1) n명 중에서 자격이 다른 대표 2명을 뽑는 경우의 수 ? $n\times(n-1)$\n(1-2) n명 중에서 자격이 다른 대표 3명을 뽑는 경우의 수 ? $n\times(n-1)\times(n-2)$\n(2) 자격이 같은 대표를 뽑는 경우\n(2-1) n명 중에서 자격이 같은 대표 2명을 뽑는 경우의 수 ? $\frac{n\times(n-1)}{2}$\n(2-2) n명 중에서 자격이 같은 대표 3명을 뽑는 경우의 수 ? $\frac{n\times(n-1)\times(n-2)}{3\times2\times1}$,중등,중2,2학기,507,사건과 경우의 수,확률,경우의 수,283,경우의 수를 구할 수 있다.,1417,"['자료, 가능성, 확률과 통계']"
8423,자연수의 개수를 구하는 방법,(1) 0을 포함하지 않는 경우\n0이 아닌 서로 다른 한 자리 숫자가 각각 적힌 n장의 카드 중에서\n(1-1) 2장을 뽑아 만들 수 있는 두 자리 자연수의 개수 ? $n\times(n-1)$ (개)\n(1-2) 3장을 뽑아 만들 수 있는 세 자리 자연수의 개수 ? $n\times(n-1)\times(n-2)$ (개)\n(2) 0을 포함하는 경우\n0을 포함한 서로 다른 한 자리 숫자가 각각 적힌 n장의 카드 중에서\n(2-1) 2장을 뽑아 만들 수 있는 두 자리 자연수의 개수 ? $(n-1)\times(n-1)$ (개)\n(2-2) 3장을 뽑아 만들 수 있는 세 자리 자연수의 개수 ? $(n-1)\times(n-1)\times(n-2)$ (개),중등,중2,2학기,507,사건과 경우의 수,확률,경우의 수,283,경우의 수를 구할 수 있다.,1416,"['자료, 가능성, 확률과 통계']"
8418,사건,같은 조건에서 반복할 수 있는 실험이나 관찰에 의하여 나타나는 결과,중등,중2,2학기,507,사건과 경우의 수,확률,경우의 수,283,경우의 수를 구할 수 있다.,1411,"['자료, 가능성, 확률과 통계']"
8419,경우의 수,어떤 사건이 일어나는 가짓수,중등,중2,2학기,507,사건과 경우의 수,확률,경우의 수,283,경우의 수를 구할 수 있다.,1412,"['자료, 가능성, 확률과 통계']"
8420,경우의 수를 구하는 방법,"(1) 사건 A 또는 사건 B가 일어나는 경우의 수\n두 사건 A, B가 동시에 일어나지 않을 때, 사건 A가 일어나는 경우의 수가 m, 사건 B가 일어나는 경우의 수가 n이면 (사건 A 또는 사건 B가 일어나는 경우의 수)=m+n\n(2) 두 사건 A, B가 동시에 일어나는 경우의 수\n사건 A가 일어나는 경우의 수가 m, 그 각각에 대하여 사건 B가 일어나는 경우의 수가 n이면 (두 사건 A, B가 동시에 일어나는 경우의 수)=$m\times n$",중등,중2,2학기,507,사건과 경우의 수,확률,경우의 수,283,경우의 수를 구할 수 있다.,1413,"['자료, 가능성, 확률과 통계']"
8427,확률의 기본 성질,(1) 어떤 사건이 일어날 확률을 p라 하면 $0\leq p\leq1$이다.\n(2) 절대로 일어나지 않는 사건의 확률은 0이다.\n(3) 반드시 일어나는 사건의 확률은 1이다.,중등,중2,2학기,508,확률의 기본성질,확률,확률의 계산,284,"확률의 개념과 그 기본성질을 이해하고, 확률을 구할 수 있다.",1421,"['자료, 가능성, 확률과 통계']"
8428,어떤 사건이 일어나지 않을 확률,사건 A가 일어날 확률이 p일 때\n$(사건 A가 일어나지 않을 확률)=1-p$,중등,중2,2학기,508,확률의 기본성질,확률,확률의 계산,284,"확률의 개념과 그 기본성질을 이해하고, 확률을 구할 수 있다.",1422,"['자료, 가능성, 확률과 통계']"
8426,확률을 구하는 방법,"어떤 실험이나 관찰에서 일어나는 모든 경우의 수가 n이고 각 경우가 일어날 가능성이 모두 같을 때, 사건 A가 일어나는 경우의 수가 a이면 사건 A가 일어날 확률 p는 다음과 같다.\n$p=\frac{(사건 A가 일어나는 경우의 수)}{(모든 경우의 수)}=\frac{a}{n}$",중등,중2,2학기,508,확률의 기본성질,확률,확률의 계산,284,"확률의 개념과 그 기본성질을 이해하고, 확률을 구할 수 있다.",1420,"['자료, 가능성, 확률과 통계']"
8429,'적어도 하나는 ~일' 확률을 구하는 방법,적어도 하나는 ~일' 확률은 어떤 사건이 일어나지 않을 확률을 이용한다.\n(적어도 하나는 ~일 확률)=1-(모두 ~가 아닐 확률),중등,중2,2학기,508,확률의 기본성질,확률,확률의 계산,284,"확률의 개념과 그 기본성질을 이해하고, 확률을 구할 수 있다.",1423,"['자료, 가능성, 확률과 통계']"
8425,확률,"각 경우가 일어날 가능성이 모두 같은 어떤 실험이나 관찰을 여러 번 반복할 때, 어떤 사건이 일어나는 상대도수가 일정한 값에 가까워지면 이 일정한 값은 일어나는 모든 경우의 수에 대한 어떤 사건이 일어나는 경우의 수의 비율과 같고, 이를 그 사건이 일어날 확률이라 한다.",중등,중2,2학기,508,확률의 기본성질,확률,확률의 계산,284,"확률의 개념과 그 기본성질을 이해하고, 확률을 구할 수 있다.",1419,"['자료, 가능성, 확률과 통계']"
8430,사건 $A$ 또는 사건 $B$가 일어날 확률,"동일한 실험이나 관찰에서 두 사건 A와 B가 동시에 일어나지 않을 때, 사건 A가 일어날 확률을 p, 사건 B가 일어날 확률을 q라 하면\n$(사건 A 또는 사건 B가 일어날 확률)=p+q$",중등,중2,2학기,509,확률의 계산,확률,확률의 계산,284,"확률의 개념과 그 기본성질을 이해하고, 확률을 구할 수 있다.",1424,"['자료, 가능성, 확률과 통계']"
8431,두 사건 $A$와 $B$가 동시에 일어날 확률,"두 사건 A와 B가 서로 영향을 끼치지 않을 때, 사건 A가 일어날 확률을 p, 사건 B가 일어날 확률을 q라 하면\n$(두 사건 A와 B가 동시에 일어날 확률)=p\times q$",중등,중2,2학기,509,확률의 계산,확률,확률의 계산,284,"확률의 개념과 그 기본성질을 이해하고, 확률을 구할 수 있다.",1425,"['자료, 가능성, 확률과 통계']"
8433,도형에서의 확률을 구하는 방법,"모든 경우의 수는 도형의 전체 넓이로 생각하고, 어떤 사건이 일어나는 경우의 수는 도형에서 해당하는 부분의 넓이로 생각한다. 즉,\n(도형에서의 확률)=$\frac{(사건에 해당하는 부분의 넓이)}{(도형의 전체 넓이)}$",중등,중2,2학기,509,확률의 계산,확률,확률의 계산,284,"확률의 개념과 그 기본성질을 이해하고, 확률을 구할 수 있다.",1427,"['자료, 가능성, 확률과 통계']"
8432,연속하여 뽑는 경우의 확률을 구하는 방법,"(1) 꺼낸 것을 다시 넣는 경우\n처음에 뽑은 것을 다시 뽑을 수 있으므로 전체 경우의 수는 변함이 없다. 즉, 처음 사건이 나중 사건에 영향을 주지 않으므로 처음과 나중의 조건이 같다. \n? (처음에 사건 A가 일어날 확률)=(나중에 사건 A가 일어날 확률)\n(2) 꺼낸 것을 다시 넣지 않는 경우\n처음에 뽑은 것을 다시 뽑을 수 없으므로 전체 경우의 수는 줄어든다. 즉, 처음 사건이 나중 사건에 영향을 미치므로 처음과 나중의 조건이 다르다.\n? (처음에 사건 A가 일어날 확률)$e$(나중에 사건 A가 일어날 확률)",중등,중2,2학기,509,확률의 계산,확률,확률의 계산,284,"확률의 개념과 그 기본성질을 이해하고, 확률을 구할 수 있다.",1426,"['자료, 가능성, 확률과 통계']"
